id,x,y,z
531,-63.05988312,-3.605487823,0.4346288443
532,-63.06110382,-3.673094273,0.6354141235
533,-63.05589676,-3.743821859,0.8390319347
534,-63.04641342,-3.810368299,1.032476902
535,-63.03855133,-3.88150382,1.241611958
536,-63.04015732,-3.951138258,1.4432315830000002
537,-63.05350876,-4.020732403,1.6437158580000002
538,-63.05693054,-4.086435318,1.839996338
539,-63.05268097,-4.153139114,2.042665482
5310,-63.05787659,-4.2218446730000005,2.247406006
5311,-63.06040955,-4.2874827380000005,2.441009521
5312,-63.06468964,-4.354816914,2.633797646
5313,-63.02960587,-4.395518303,2.749881744
5314,-63.05317307,-4.494889736,3.047784805
5315,-63.05902481,-4.559310913,3.238607407
5316,-63.05176544,-4.628311157,3.439369202
5317,-63.05343628,-4.697810173,3.641588211
5318,-63.05827332,-4.767579556,3.840866089
5319,-63.05395508,-4.833851337,4.032365799
5320,-63.06095886,-4.906194687,4.239196777
5321,-63.05744171,-4.967985153,4.410636902
5322,-62.86769867,-3.582653522,0.3663566113
5323,-62.86169434,-3.647582293,0.5619089603
5324,-62.86071396,-3.721995115,0.7794857025
5325,-62.85781097,-3.792904377,0.9833374023
5326,-62.85001755,-3.858035326,1.1740407940000002
5327,-62.85350418,-3.927653074,1.37543726
5328,-62.85814667,-3.996688843,1.575200081
5329,-62.85703278,-4.06592083,1.77869606
5330,-62.85393143,-4.12906456,1.969820023
5331,-62.85445786,-4.193483353,2.1641359330000003
5332,-62.85676956,-4.264413357,2.374871254
5333,-62.85181046,-4.333580017,2.576703072
5334,-62.85842514,-4.3807649610000015,2.714270592
5335,-62.86035538,-4.479773045,3.006845474
5336,-62.85364151,-4.534174442,3.169322968
5337,-62.85216141,-4.605005741,3.374673843
5338,-62.85732651,-4.674381733,3.575534821
5339,-62.85509872,-4.744612217,3.776882172
5340,-62.84744644,-4.813795567,3.974802017
5341,-62.85730362,-4.881630898,4.16888237
5342,-62.84662628,-4.953964233,4.376579285
5343,-62.62840652,-3.580868483,0.3571594954
5344,-62.64389801,-3.652981043,0.5725755692
5345,-62.66418076,-3.717667103,0.7671434879000001
5346,-62.67239761,-3.7926054,0.983045578
5347,-62.67372894,-3.856061459,1.168606281
5348,-62.65573883,-3.927769661,1.3763165469999998
5349,-62.65669250000001,-3.997151375,1.577031136
5350,-62.64982605,-4.060999393,1.764305115
5351,-62.6623764,-4.128321648,1.96931839
5352,-62.6520195,-4.196225643,2.173832893
5353,-62.65071487,-4.262955666,2.37308979
5354,-62.65583038,-4.333413601,2.578728676
5355,-62.65276337,-4.382319927,2.720020294
5356,-62.64670563,-4.481454849,3.014852524
5357,-62.65789413,-4.536326885,3.178375244
5358,-62.65159988,-4.601941109,3.369216919
5359,-62.66617584,-4.671803951,3.569498062
5360,-62.65520096,-4.741569042,3.768220901
5361,-62.65008545,-4.813366413,3.973575592
5362,-62.65164948,-4.880687237,4.165311813
5363,-62.65214539,-4.950726032,4.3666172030000014
5364,-62.45995331,-3.586791039,0.375854969
5365,-62.44901657,-3.649929047,0.5672459602000001
5366,-62.43941879,-3.718384027,0.7678389549
5367,-62.43800735,-3.788131714,0.9673218727
5368,-62.42292404,-3.855824471,1.166885853
5369,-62.4548645,-3.925048113,1.3686976430000002
5370,-62.49160004,-4.000065327,1.586448669
5371,-62.47481918,-4.064433575,1.775935173
5372,-62.47449875,-4.129659653,1.974155426
5373,-62.45539856,-4.19551754,2.1739254
5374,-62.46826553,-4.264208317,2.379925728
5375,-62.4635849,-4.332322121,2.578269958
5376,-62.47210312,-4.381665707,2.7248210910000004
5377,-62.45651627,-4.480294703999999,3.015714645
5378,-62.464077,-4.532696724,3.170310974
5379,-62.46711349,-4.603692055,3.3759956360000003
5380,-62.46816254,-4.670163155,3.5670280460000003
5381,-62.45715714,-4.743878365,3.77604866
5382,-62.45424271,-4.812422752,3.971616745
5383,-62.45071793,-4.881891251,4.168371201
5384,-62.45811462,-4.953359604,4.375091553
5385,-62.22854233,-3.585573912,0.371065855
5386,-62.22571182,-3.652009487,0.5712602139
5387,-62.23821259,-3.723963737,0.7843236923000001
5388,-62.24763489,-3.789521694,0.9737138748
5389,-62.25283813,-3.860446692,1.180419445
5390,-62.26504135,-3.928203106,1.376213074
5391,-62.25637436,-3.996989012,1.575582504
5392,-62.25496292,-4.062701225,1.771430969
5393,-62.23843384,-4.133804321,1.982943535
5394,-62.23737335,-4.196627617,2.177951813
5395,-62.2583046,-4.266294956,2.386278152
5396,-62.26696777,-4.3376364710000015,2.589903831
5397,-62.25980377,-4.383587837,2.726641655
5398,-62.27261353,-4.484484196,3.027080536
5399,-62.25643921,-4.535937309,3.181661606
53100,-62.25457001,-4.60529089,3.381511688
53101,-62.25540924,-4.670259476,3.56819725
53102,-62.2522049,-4.744820118,3.779701233
53103,-62.26248169,-4.814079285,3.976066589
53104,-62.25364304,-4.885156155,4.177160263
53105,-62.25853348,-4.956657887,4.377983093
53106,-62.05577087,-3.587077856,0.3775378466
53107,-62.05812073,-3.652694941,0.5758407115999999
53108,-62.05272675,-3.722469807,0.7813150883
53109,-62.05321884,-3.789311409,0.9732789993
53110,-62.05165863,-3.861279249,1.183333397
53111,-62.05315781,-3.924957991,1.366767883
53112,-62.05018616,-3.99853301,1.57826519
53113,-62.04772186,-4.068492413,1.785737991
53114,-62.04634094,-4.12755537,1.969555855
53115,-62.05605316,-4.197356701,2.175065994
53116,-62.05234528,-4.263695717,2.376409531
53117,-62.05853653,-4.331430912,2.579118729
53118,-62.05463791,-4.383812428,2.732566833
53119,-62.05838394,-4.490326405,3.0330047610000004
53120,-62.04706192,-4.53422308,3.172548294
53121,-62.05840683,-4.607411861,3.3836212160000003
53122,-62.05571365,-4.669717312,3.565942764
53123,-62.05584717,-4.745145798,3.780059814
53124,-62.06099701,-4.812671661,3.971637726
53125,-62.05801773,-4.882427216,4.169834137
53126,-62.06111908,-4.956440926,4.3800792689999986
53127,-61.85231018,-3.586028814,0.3778361082
53128,-61.85656357,-3.650571108,0.5720520020000001
53129,-61.85681534,-3.721621037,0.7783579826000001
53130,-61.84677505,-3.790816307,0.9760112762
53131,-61.85559845,-3.861153364,1.184498787
53132,-61.85087585,-3.922354937,1.36284399
53133,-61.85805893,-3.995386124,1.573883057
53134,-61.84349442,-4.061247826000002,1.766899109
53135,-61.85183716,-4.127188683,1.970541
53136,-61.86141968,-4.191494942,2.167891502
53137,-61.84685898,-4.259345055,2.371142387
53138,-61.84934235,-4.331886292,2.5845460890000003
53139,-61.86013031,-4.37949419,2.726028442
53140,-61.86460495,-4.485708713999999,3.0350246430000003
53141,-61.85578156,-4.531867504,3.169282913
53142,-61.84886551,-4.605716705,3.3816185
53143,-61.85353088,-4.671189785,3.569408417
53144,-61.85792923,-4.746612072,3.782995224
53145,-61.85377502,-4.813952446,3.974897385
53146,-61.85904694,-4.884685516,4.176849365
53147,-61.85921478,-4.951128483,4.369596481
53148,-61.66049194,-3.5844545360000004,0.3758313656
53149,-61.66082382,-3.65261054,0.577583313
53150,-61.66243362,-3.719308138,0.768553257
53151,-61.65501404,-3.789591312,0.9710655212
53152,-61.65804291,-3.857233047,1.173163414
53153,-61.65372086,-3.92723608,1.3800978659999998
53154,-61.65456009,-3.994424343,1.573074341
53155,-61.65155029,-4.06248188,1.7726202009999998
53156,-61.65869904,-4.127782345,1.972560883
53157,-61.65078354,-4.194792271,2.176121712
53158,-61.65462875,-4.264540672,2.383923531
53159,-61.65312195,-4.328595161,2.572229385
53160,-61.65004349,-4.3843894,2.739238739
53161,-61.66818237,-4.487473965,3.036506653
53162,-61.65237427,-4.536130905,3.177145004
53163,-61.65784836,-4.606539726,3.378854752
53164,-61.65012741,-4.676886082,3.582700729
53165,-61.65939713,-4.743202209,3.76758194
53166,-61.67276764,-4.812405109,3.970022202
53167,-61.66288757,-4.880308628,4.169347763
53168,-61.65274048,-4.952726364,4.376314163
53169,-61.45447922,-3.586310863,0.3769581318
53170,-61.45273589999999,-3.654557228,0.5772197246999999
53171,-61.45270920000001,-3.723513365,0.7793521881000001
53172,-61.45344925,-3.788692713,0.9688191414
53173,-61.45917511,-3.860369682,1.180173397
53174,-61.45669556,-3.92582202,1.37420702
53175,-61.45732498,-3.99674511,1.580376625
53176,-61.44645309,-4.064536572,1.776061058
53177,-61.45108032,-4.130144596,1.975903511
53178,-61.45191193,-4.196688175,2.174835205
53179,-61.45567322,-4.26440239,2.37409687
53180,-61.45310593,-4.333566666,2.576752663
53181,-61.44789886,-4.390960693,2.746271133
53182,-61.45774841,-4.492815018,3.0428371430000003
53183,-61.45304871,-4.537047863,3.171245575
53184,-61.44955063,-4.606656075,3.370342255
53185,-61.45062256,-4.674148083,3.569496155
53186,-61.45867157,-4.7425608630000005,3.759441376
53187,-61.46619415,-4.826712608,3.968889236
53188,-61.44876479999999,-4.895888805,4.178861618
53189,-61.43470764,-4.958343506,4.373773575
53190,-61.25189972,-3.584886312,0.3772172928
53191,-61.25638962,-3.655181646,0.5814812183
53192,-61.26221085,-3.725251913,0.7850801945
53193,-61.25814056,-3.79496026,0.9863858223
53194,-61.25090408,-3.858134985,1.176575184
53195,-61.26200867,-3.929512262,1.386467457
53196,-61.25667953,-3.998467922,1.584216118
53197,-61.24937057,-4.06540966,1.7794713969999998
53198,-61.25694656,-4.1331009860000005,1.98605442
53199,-61.2580986,-4.200077057,2.186231613
53200,-61.26102829,-4.268435001,2.389108658
53201,-61.26485825,-4.335266113,2.585486412
53202,-61.2531662,-4.3906025889999984,2.753108025
53203,-61.26926422,-4.491929054,3.04268837
53204,-61.26152802,-4.540420055,3.18195343
53205,-61.25772476,-4.608422279,3.376991272
53206,-61.25403595,-4.677232742,3.579341888
53207,-61.24993134,-4.746232986,3.7758255
53208,-61.24721146,-4.815536022,3.981529236
53209,-61.25335312,-4.88628006,4.1866168980000005
53210,-61.25953293,-4.962873459,4.3931350710000014
53211,-64.84867096,-3.5841417310000003,0.3615720272
53212,-64.84867859,-3.656551838,0.5760235786
53213,-61.05590057,-3.5880002980000003,0.3844951391
53214,-61.05624771,-3.65397191,0.5803020000000001
53215,-61.05745316,-3.723052979,0.7812561989
53216,-61.05834198,-3.793929338,0.9832053185
53217,-61.05506897,-3.860930204,1.182796001
53218,-61.05865097,-3.92884922,1.381650925
53219,-61.04850006,-3.997971535,1.5813274380000002
53220,-61.05910110000001,-4.066607952,1.7831792830000002
53221,-61.05110550000001,-4.130948544,1.979480743
53222,-61.05389023,-4.19650507,2.1795921330000003
53223,-61.06326294,-4.265767574,2.384987831
53224,-61.0523262,-4.331637859,2.577149391
53225,-61.05096054,-4.391196251,2.753581047
53226,-61.054039,-4.492152214,3.04665184
53227,-61.0539093,-4.538192748999999,3.1787662510000003
53228,-61.06645584,-4.609475613,3.382728577
53229,-61.04681778,-4.67791748,3.582813263
53230,-61.06082916,-4.747900963,3.786815643
53231,-61.05233002,-4.8144888880000005,3.978723526000001
53232,-61.05553055,-4.888092995,4.191389084
53233,-61.06054688,-4.961423873999999,4.393480301
53234,-60.85547256,-3.584508657,0.3739807606
53235,-60.85451126,-3.651729107,0.5752346516
53236,-60.86105728,-3.719799519,0.7706785201999999
53237,-60.84708786,-3.794940233,0.9841995239
53238,-60.84794235,-3.865091801,1.190996647
53239,-60.86014557,-3.934140921000001,1.394206524
53240,-60.85043716,-3.998962641,1.582196236
53241,-60.85044098,-4.064147949,1.774290085
53242,-60.85411072,-4.132172108,1.982586861
53243,-60.85256195,-4.19635725,2.177692413
53244,-60.85749817,-4.263414383,2.377604485
53245,-60.8576088,-4.336447716,2.589852333
53246,-60.85905457,-4.39343214,2.759467125
53247,-60.85061264,-4.490431309,3.043725967
53248,-60.85768509,-4.537851334,3.1782894130000003
53249,-60.85900879,-4.608773708,3.381795883
53250,-60.84395218,-4.676163197,3.578521729
53251,-60.85470581,-4.747402668,3.785007477
53252,-60.84902191,-4.815168858,3.980783463
53253,-60.85027695,-4.88506937,4.1814079280000005
53254,-60.85405731,-4.962615967,4.394445419
53255,-60.64968491,-3.586834431,0.3793001175
53256,-60.65805817,-3.650367498,0.5673065186
53257,-60.64550018,-3.722405195,0.7828428745
53258,-60.65428162,-3.789023638,0.9695601463
53259,-60.65222931,-3.862866163,1.184267521
53260,-60.65384674,-3.930089474,1.379907131
53261,-60.65874481,-3.998528957,1.5804491040000002
53262,-60.65870285,-4.066717148,1.782494545
53263,-60.65625763,-4.131801605,1.980483055
53264,-60.652771,-4.196207523,2.176366806
53265,-60.64928818,-4.261708736,2.372249603
53266,-60.65256882,-4.333258629,2.579555511
53267,-60.64939499,-4.3902449610000005,2.748789787
53268,-60.65833282,-4.491300583,3.046598434
53269,-60.65817261,-4.537894249,3.177846909
53270,-60.65365219,-4.605082512,3.3700790410000003
53271,-60.66211319,-4.675965309,3.577049255
53272,-60.6578598,-4.747729778,3.784814835
53273,-60.65530014,-4.814451694,3.978916168
53274,-60.65105820000001,-4.88231802,4.1726017
53275,-60.65427399,-4.956682682,4.379997253
53276,-60.46297836,-3.586801529,0.3775439262
53277,-60.45967484,-3.652721167,0.574691534
53278,-60.43792343,-3.723941088,0.7819802761
53279,-60.44708633,-3.793148756,0.9827728271
53280,-60.45915222,-3.865341187,1.187810898
53281,-60.4549408,-3.931214094,1.381346226
53282,-60.45792389,-4.000192165,1.584449768
53283,-60.45790482,-4.0655727389999985,1.779102325
53284,-60.45970535,-4.1298642160000005,1.975482941
53285,-60.45674515,-4.194957733,2.173688889
53286,-60.4531517,-4.265857697,2.384967804
53287,-60.45427704,-4.3342299460000016,2.581802368
53288,-60.45257568,-4.393318653,2.759571075
53289,-60.45840073,-4.488928795,3.038377762
53290,-60.45485306,-4.538733006,3.179000854
53291,-60.45486069,-4.609605789,3.381374359
53292,-60.44961548,-4.677885056,3.580099106
53293,-60.45010757,-4.748840809,3.78562355
53294,-60.45462036,-4.81335783,3.974327087
53295,-60.4514389,-4.88313818,4.173379898
53296,-60.45830154,-4.957492828,4.380231857
53297,-60.2850647,-3.60148859,0.419287324
53298,-60.2749176,-3.670578003,0.627676487
53299,-60.27923203,-3.74044466,0.8298904895999999
53300,-60.28210449,-3.81014514,1.027458668
53301,-60.27717972,-3.874936819,1.21419096
53302,-60.26337433,-3.94472909,1.418416977
53303,-60.26485062,-4.010115147,1.619595528
53304,-60.27373505,-4.077958107,1.81699276
53305,-60.27344131,-4.143023014,2.017970085
53306,-60.26008606,-4.207315445,2.213061333
53307,-60.25822067,-4.279284477,2.425452232
53308,-60.25494766,-4.34569788,2.617440224
53309,-60.25322342,-4.399416447,2.7780408860000003
53310,-60.26383591,-4.501958847,3.074005127
53311,-60.25091934,-4.554976463,3.224149704
53312,-60.25807953,-4.624886036,3.4249134060000004
53313,-60.2549324,-4.691914082,3.619213104
53314,-60.25881577,-4.761412144,3.821113586
53315,-60.25521088,-4.830828667,4.0226573939999986
53316,-60.25718307,-4.901690483,4.224891663
53317,-60.24862289,-4.970077515,4.4112854000000015
53318,-60.02978897,-3.590855837,0.386113286
53319,-60.04619217,-3.654057264,0.5780045986
53320,-60.04830551,-3.723221779,0.7795565128
53321,-60.03974915,-3.793482065,0.9788937569
53322,-60.03853607,-3.861529827,1.178244114
53323,-60.04384995,-3.931670427,1.382603645
53324,-60.04587936,-4.002159119,1.586627007
53325,-60.04881668,-4.063060284,1.772904396
53326,-60.04015732,-4.13087225,1.975291252
53327,-60.04157257,-4.200903893,2.185108185
53328,-60.04049683,-4.26372242,2.372081757
53329,-60.04738998,-4.332790375,2.575413704
53330,-60.05175781,-4.394754887,2.754359245
53331,-60.07014084,-4.491577148,3.038265228
53332,-60.04538727,-4.53945303,3.177595139
53333,-60.04956055,-4.610708237,3.3818607330000003
53334,-60.04988861,-4.677591801,3.5797138210000004
53335,-60.05942535,-4.751641273,3.793258667
53336,-60.05215454,-4.817884922,3.986608505
53337,-60.04711151,-4.884688377,4.176071167
53338,-60.05045319,-4.9551706310000005,4.378580093
53339,-59.85401154,-3.58993125,0.3817929029
53340,-59.85276031,-3.654422998,0.5756881237
53341,-59.86345673,-3.723539829,0.7785737514
53342,-59.85691071,-3.792572021,0.9760680199
53343,-59.8531189,-3.860188961,1.176129341
53344,-59.85509872,-3.929890394,1.380273819
53345,-59.85575867,-3.999851942,1.584657669
53346,-59.85457993,-4.064217567,1.77696228
53347,-59.84695053,-4.129278183,1.975419998
53348,-59.85549164,-4.198373318,2.184500694
53349,-59.85521698,-4.26760006,2.390570641
53350,-59.85631561,-4.333024025,2.580292702
53351,-59.84878159,-4.38705349,2.742165565
53352,-59.82757568,-4.488768101000001,3.0357418060000003
53353,-59.85407639,-4.539940833999999,3.18170166
53354,-59.85083771,-4.609183788,3.380052567
53355,-59.84752655,-4.677385807,3.578489304
53356,-59.86045837,-4.747161865,3.780387878
53357,-59.86640549,-4.816833019,3.981975555
53358,-59.85057068,-4.88720274,4.183425903
53359,-59.85357285,-4.957766533,4.384397507
53360,-59.64636612,-3.5871517660000003,0.3727812767
53361,-59.65585327,-3.656737328,0.5832533836
53362,-59.65963745,-3.725641012,0.7834091187000001
53363,-59.66070175,-3.794041872,0.9788856506
53364,-59.65548325,-3.863892317,1.186552525
53365,-59.65321732,-3.930672407,1.382758617
53366,-59.64552689,-3.999423981,1.583852768
53367,-59.65501404,-4.06635952,1.783145905
53368,-59.65351486,-4.131803036,1.983217239
53369,-59.66195679,-4.195226669,2.175133705
53370,-59.65081406,-4.264802456,2.381163597
53371,-59.65023804,-4.334224224,2.584791183
53372,-59.65007401,-4.389750004,2.751794815
53373,-59.64291763,-4.489472866,3.037563324
53374,-59.65216064,-4.539324284,3.1799888610000004
53375,-59.64956665,-4.608299255,3.376773834
53376,-59.6548233,-4.677287102,3.578454971
53377,-59.64932251,-4.749118805,3.784870148
53378,-59.65865707,-4.814483643,3.973825455
53379,-59.64954376,-4.883111,4.173177719
53380,-59.66091156,-4.957575321,4.385116577
53381,-59.45092773,-3.611217737,0.443310976
53382,-59.454216,-3.679521561,0.6451396942000001
53383,-59.44757843,-3.748996973,0.8466486931
53384,-59.44815826,-3.81678915,1.044681072
53385,-59.45155334,-3.88588953,1.249883652
53386,-59.45384979,-3.953841209,1.450827599
53387,-59.45609665,-4.020003796,1.64424324
53388,-59.46790314,-4.0879397389999985,1.847841263
53389,-59.45098495,-4.154170036,2.047696114
53390,-59.45437622,-4.222062588,2.249400139
53391,-59.4552002,-4.287694454,2.444168091
53392,-59.45489502,-4.3539843560000016,2.641410828
53393,-59.44799042,-4.397369862,2.785685539
53394,-59.44833755,-4.49930048,3.064821243
53395,-59.45232773,-4.564988613,3.252914429
53396,-59.45896149,-4.631927967,3.443698883
53397,-59.45779037,-4.697868347,3.643270493
53398,-59.45766449,-4.771731853,3.849088669
53399,-59.45186234,-4.841769695,4.053771973
53400,-59.45298004,-4.907574653999999,4.242807388
53401,-59.45362473,-4.97478056,4.4255790710000005
53402,-59.25499725,-3.613832712,0.450564146
53403,-59.26071167,-3.680307627,0.6476387978
53404,-59.25393677,-3.752113581,0.8555152415999999
53405,-59.25773621,-3.818748713,1.050068855
53406,-59.25569153,-3.889099121,1.260735989
53407,-59.25226593,-3.953750372,1.4526090619999998
53408,-59.26112747,-4.020047665,1.645715714
53409,-59.26098251,-4.088608265,1.851845741
53410,-59.25258636,-4.155593395,2.054608345
53411,-59.255165100000006,-4.220903873,2.249970436
53412,-59.2549057,-4.290576458,2.455644608
53413,-59.25203705,-4.357791424,2.653436661
53414,-59.26450729,-4.399662971000001,2.779260635
53415,-59.25112915,-4.500246048,3.066698074
53416,-59.26005173,-4.562574387,3.2470951080000003
53417,-59.25154114,-4.6316185,3.44603157
53418,-59.25389099,-4.701787472,3.648866653
53419,-59.25570679,-4.772712231,3.852958679
53420,-59.25802612,-4.840213776000001,4.050142288
53421,-59.25127411,-4.909341335,4.249900818
53422,-59.25259399,-4.977577209,4.428133011
53423,-64.66171265,-3.587754965,0.3683724403
53424,-64.66040039,-3.657175303,0.5754897594
53425,-64.64945984,-3.723227024,0.7695198059
53426,-64.64051819,-3.789698362,0.9593687057
53427,-64.65505981,-3.86065793,1.165743351
53428,-64.64432526,-3.932528257,1.376887321
53429,-64.66656494,-3.999597073,1.571805954
53430,-64.66020203,-4.066637516,1.76852417
53431,-64.65342712,-4.135180473,1.96984005
53432,-64.65531921,-4.198182106,2.155078888
53433,-64.64675903,-4.268399715,2.360873222
53434,-64.65565491,-4.339311123,2.564573288
53435,-64.65887451,-4.390612602,2.713189125
53436,-64.66231537,-4.498886108,3.036035538
53437,-64.66200256,-4.539674759,3.159353256
53438,-64.66069031,-4.609056473,3.366243362
53439,-64.64945984,-4.672095299,3.552797318
53440,-64.64883423,-4.7424316410000005,3.759952545
53441,-64.64909363,-4.808758259,3.956640244
53442,-64.65460205,-4.877256393,4.152200699
53443,-64.6529541,-4.949649334,4.360076904
53444,-59.04481888,-3.613837481,0.4500910044
53445,-59.05451965,-3.684137344,0.6580986977000001
53446,-59.05438232,-3.749134541,0.8473143578
53447,-59.05767441,-3.818754673,1.051493168
53448,-59.05917358,-3.885550737,1.250715256
53449,-59.05596924,-3.952614069,1.4487094880000002
53450,-59.05239105,-4.019801617,1.6444301609999998
53451,-59.04771042,-4.088823318,1.852930069
53452,-59.06008148,-4.153827667,2.051136017
53453,-59.05804443,-4.222139835,2.255904198
53454,-59.05456924,-4.2883887289999985,2.45111084
53455,-59.05393982,-4.357958794,2.653922081
53456,-59.05660629,-4.402226448,2.781963348
53457,-59.05390167,-4.502198218999999,3.072422028
53458,-59.05592728,-4.56079483,3.242418289
53459,-59.05017853,-4.631678581,3.446338654
53460,-59.05056763,-4.699338436000001,3.643699646
53461,-59.059852600000006,-4.77177906,3.849393845
53462,-59.06009293,-4.840759754,4.051631927
53463,-59.05947876,-4.907329559,4.245042801
53464,-59.06095123,-4.9744730000000015,4.427453995
53465,-58.86101913,-3.614039898,0.4513530731
53466,-58.85565186,-3.680245876,0.6474373340999999
53467,-58.8430748,-3.748045444,0.8435196877
53468,-58.86320877,-3.816866159,1.045816422
53469,-58.86055756,-3.883534193,1.244738102
53470,-58.85594939999999,-3.954476357,1.453667641
53471,-58.85773468,-4.021132946,1.649402618
53472,-58.85372162,-4.08727169,1.848636627
53473,-58.85290527,-4.151341438,2.04278183
53474,-58.86147308,-4.2227010730000005,2.257698059
53475,-58.85757065,-4.289484501,2.454282761
53476,-58.84836578,-4.356102467,2.64599514
53477,-58.86082458,-4.401833534,2.77794075
53478,-58.85663605,-4.499325275,3.064338684
53479,-58.8515358,-4.563626289,3.2494888310000003
53480,-58.85416794,-4.631412983,3.44508934
53481,-58.85320282,-4.701496124,3.64781189
53482,-58.85102844,-4.77241087,3.853013992
53483,-58.85300446,-4.836723804,4.041213989
53484,-58.86059952,-4.906874657,4.244606018
53485,-58.85731125,-4.9740209580000005,4.423196793
53486,-58.66155243,-3.613608837,0.4451867342
53487,-58.65823364,-3.679205418,0.6406369209
53488,-58.65145493,-3.750114679,0.8475403786
53489,-58.65595245,-3.819384575,1.051884174
53490,-58.65209198,-3.888260841,1.258425236
53491,-58.65085602,-3.95563221,1.4573550219999998
53492,-58.65805054,-4.019020081,1.644674301
53493,-58.65295029,-4.089396,1.854621887
53494,-58.6498642,-4.152458668,2.046588898
53495,-58.65581512,-4.223414421,2.259440422
53496,-58.65749741,-4.289964199,2.454626083
53497,-58.65763855,-4.360101223,2.657749176
53498,-58.65753555,-4.398038864,2.770100594
53499,-58.64460754,-4.498488903,3.0638179780000003
53500,-58.65470886,-4.564362526,3.2506217960000003
53501,-58.65708923,-4.632772446000001,3.447803497
53502,-58.66042328,-4.698524475,3.640073776
53503,-58.65501404,-4.771606922,3.851419449
53504,-58.65452576,-4.838427544,4.047624588
53505,-58.65822601,-4.906657219,4.245843887
53506,-58.65505981,-4.977962971,4.432382584
53507,-58.44921112,-3.603302956,0.4137347937
53508,-58.45845413,-3.671795845,0.6202456950999999
53509,-58.46185303,-3.742509604,0.8259751797
53510,-58.4547348,-3.810963631,1.027480125
53511,-58.45050812,-3.875487566,1.22110796
53512,-58.45200729,-3.939581633,1.411511421
53513,-58.45167160000001,-4.011102676,1.621658325
53514,-58.45569611,-4.077446461,1.818704605
53515,-58.46003723,-4.144091129,2.021359444
53516,-58.45518494,-4.210522175,2.219656944
53517,-58.45982742,-4.277895451,2.418014526
53518,-58.45346832,-4.34940958,2.625015259
53519,-58.45482635,-4.396962643,2.769086838
53520,-58.44348907,-4.490990162,3.040260315
53521,-58.45443726,-4.557154655,3.230600357
53522,-58.44920349,-4.627254963,3.431282043
53523,-58.44773865,-4.692214489,3.620801926
53524,-58.44726563,-4.764255524,3.830259323
53525,-58.45605087,-4.829181671000001,4.020647049
53526,-58.45940781,-4.897392273,4.2176074980000005
53527,-58.45793152,-4.9732890130000005,4.424608231000001
53528,-58.2490654,-3.595677853,0.3886109591
53529,-58.25162506,-3.659261703,0.5807809829999999
53530,-58.24974823,-3.725511074,0.776268959
53531,-58.25202179,-3.802870512,1.004689693
53532,-58.25321198,-3.865360498,1.193572521
53533,-58.24823761,-3.929199457,1.382683754
53534,-58.25658417,-4.000257492,1.591478348
53535,-58.25946045,-4.067186832,1.789493561
53536,-58.25318527,-4.134447098,1.992267609
53537,-58.25661469,-4.202617168,2.196193695
53538,-58.25511932,-4.268362999,2.391212463
53539,-58.25503539999999,-4.336671352,2.588672638
53540,-58.25238419,-4.39185524,2.7523660660000004
53541,-58.26085663,-4.490847111,3.038885117
53542,-58.25750732,-4.541993618,3.186151505
53543,-58.25675964,-4.613882542,3.392778397
53544,-58.25486755,-4.679161072,3.584182739
53545,-58.2579422,-4.753314972,3.800546646
53546,-58.25753021,-4.817200184,3.985578537
53547,-58.26438904,-4.888362885,4.1920681
53548,-58.25332642,-4.955965042,4.3866424560000015
53549,-58.07423019,-3.59609437,0.3912283182
53550,-58.07509613,-3.661339521,0.5873839854999999
53551,-58.07107162,-3.72671771,0.7802050114
53552,-58.067379,-3.796282053,0.9859452248
53553,-58.07509613,-3.866991758,1.198859692
53554,-58.06620407,-3.932750702,1.3884034159999998
53555,-58.0761261,-4.002780914,1.594179153
53556,-58.07884216,-4.069876671,1.790823936
53557,-58.06889343,-4.134382725,1.987416267
53558,-58.08415222,-4.20131731,2.187613487
53559,-58.08100128,-4.27140379,2.392157555
53560,-58.07555771,-4.342154026,2.595093727
53561,-58.05775452,-4.3932247160000015,2.7525348660000004
53562,-58.07131195,-4.497344494,3.0475540160000003
53563,-58.06363297,-4.548123837,3.1968345639999995
53564,-58.05773926,-4.615692139,3.397850037
53565,-58.05791473,-4.679236888999999,3.586593628
53566,-58.05982208,-4.750200748,3.792409897
53567,-58.05018616,-4.815702915,3.984474182
53568,-58.05046082,-4.8882646560000005,4.194461823
53569,-58.05673981,-4.95455122,4.388244629
53570,-57.84709549,-3.593932629,0.385206461
53571,-57.85020447,-3.664000511,0.5951788425
53572,-57.85676193,-3.728130817,0.7856340408
53573,-57.86196136,-3.796446085,0.9902620316
53574,-57.8642807,-3.862120867,1.187401772
53575,-57.85486603,-3.933328867,1.39885664
53576,-57.84738541,-4.004819393,1.606495857
53577,-57.82997131,-4.0710401539999985,1.801991463
53578,-57.82294464,-4.1344842910000015,1.9945755
53579,-57.8334198,-4.198809624,2.188788414
53580,-57.84713364,-4.265874386,2.387716293
53581,-57.84246826,-4.336781025,2.592987061
53582,-57.83906937,-4.391274929,2.753742218
53583,-57.83302689,-4.496779442,3.058748245
53584,-57.84283447,-4.54245615,3.191343307
53585,-57.84814453,-4.612782955,3.39499855
53586,-57.84294128,-4.679994583,3.591632843
53587,-57.84763336,-4.752684116,3.802736282
53588,-57.85889053,-4.813885212,3.980442047
53589,-57.85826111,-4.884716988,4.188085556
53590,-57.85267639,-4.953785896,4.390903473
53591,-57.62530518,-3.60025382,0.4045876265
53592,-57.62918854,-3.662240505,0.5899641514
53593,-57.64279938,-3.728815794,0.7854199409
53594,-57.64221191,-3.798844099,0.9925560951
53595,-57.65071869,-3.866358995,1.1972785
53596,-57.65471268,-3.929346323,1.38397646
53597,-57.66392136,-4.003004551,1.597600937
53598,-57.66002655,-4.068514824,1.7911615369999998
53599,-57.65461731,-4.131587505,1.984289169
53600,-57.65822601,-4.198397636,2.187114716
53601,-57.65584564,-4.265393257,2.385852814
53602,-57.66143799,-4.338839054,2.600042343
53603,-57.63782501,-4.388849735,2.752573013
53604,-57.66220093,-4.491990566,3.047348022
53605,-57.66287231,-4.542309284,3.192695618
53606,-57.65335846,-4.608410358,3.38463974
53607,-57.65723419,-4.677591801,3.5871162410000004
53608,-57.64595032,-4.750475883,3.791110992
53609,-57.65829086,-4.819285393,3.998209
53610,-57.66446686,-4.88261795,4.1855335239999985
53611,-57.65110016,-4.950984001,4.38653183
53612,-57.45171738,-3.5980553630000003,0.3971062899
53613,-57.45201874,-3.668680906,0.6076693535000001
53614,-57.45793915,-3.732250214,0.7949748039
53615,-57.46324158,-3.797527313,0.9882693291
53616,-57.43456268,-3.866283178,1.192780972
53617,-57.44622803,-3.936003447,1.401857853
53618,-57.45040131,-4.002150536,1.595868111
53619,-57.47222900000001,-4.069662094,1.795054436
53620,-57.46060562,-4.135188103,1.991183281
53621,-57.45730591,-4.2000746730000005,2.183939934
53622,-57.45589447,-4.271589279,2.396696091
53623,-57.45674896,-4.3387556080000005,2.59526062
53624,-57.46081924,-4.390184402,2.754440308
53625,-57.45133591,-4.495261192,3.0585289
53626,-57.45278168,-4.542619705,3.193439484
53627,-57.45098114,-4.611821175,3.392946243
53628,-57.44220352,-4.679397583,3.591100693
53629,-57.45960236,-4.750659466,3.77961731
53630,-57.45589447,-4.836586475,4.0060729980000005
53631,-57.46961975,-4.899325848,4.193805695
53632,-57.46093369,-4.963178158,4.38725853
53633,-57.25856781,-3.5922188760000004,0.3812531233
53634,-57.25388718,-3.664567232,0.5985593796
53635,-57.24575806,-3.729383469,0.7891843318999999
53636,-57.25305939,-3.799296141,0.9932069778
53637,-57.2495575,-3.867713451,1.197685242
53638,-57.25002289,-3.929660797,1.381965637
53639,-57.25880051,-4.00310564,1.598781586
53640,-57.24815369,-4.070783138,1.798183441
53641,-57.25157166,-4.1354074480000005,1.993426323
53642,-57.25717545,-4.200531483,2.188476563
53643,-57.25217819,-4.269555092,2.393556595
53644,-57.25074768,-4.337454796,2.593858719
53645,-57.26011276,-4.39148283,2.7570295330000003
53646,-57.26158524,-4.496166706,3.06215477
53647,-57.26101685,-4.541753769,3.194402695
53648,-57.25492096,-4.607811451,3.386445999
53649,-57.25962067,-4.676673889,3.588125229
53650,-57.2518959,-4.751189709,3.791980743
53651,-57.22897339,-4.814186573,3.993448257
53652,-57.24282074,-4.881659508,4.197753906
53653,-57.24898529,-4.955434799,4.398994446000001
53654,-64.46089172,-3.609727383,0.4369021654
53655,-64.46344757,-3.674342155,0.6298012733
53656,-64.45774841,-3.745410442,0.8339505195999999
53657,-64.45442963,-3.81967783,1.047711372
53658,-64.45884705,-3.879794121,1.223565102
53659,-64.43379974,-3.94784236,1.425282955
53660,-64.45512389999999,-4.019128323,1.6349296569999998
53661,-64.46704865,-4.091722488,1.846528053
53662,-64.48164368,-4.1606788639999985,2.04919529
53663,-64.47531128,-4.2263083460000015,2.2433938980000003
53664,-64.46684265,-4.290569305,2.432003975
53665,-64.46764374,-4.361204624,2.637386322
53666,-64.48098755,-4.401824474,2.7539882660000004
53667,-64.46963501,-4.510674477,3.078722
53668,-64.45801544,-4.5657758710000005,3.242485046
53669,-64.4523468,-4.633795738,3.443677902
53670,-64.45727539,-4.699724674,3.636764526
53671,-64.44555664,-4.766335487,3.832460403
53672,-64.45605469,-4.83490324,4.032583237
53673,-64.46038818,-4.906404495,4.235151291
53674,-64.44913483,-4.971455097,4.411481857
53675,-57.05382156,-3.592329502,0.3862688541
53676,-57.05172729,-3.663105488,0.5999755859
53677,-57.0608139,-3.730246305,0.7957296370999999
53678,-57.05319977,-3.801065683,0.9996151924
53679,-57.05210876,-3.865071297,1.189053059
53680,-57.0530777,-3.934443474,1.395647049
53681,-57.0500946,-3.999075651,1.585543633
53682,-57.05496216,-4.067329407,1.787652016
53683,-57.05191803,-4.139153957,2.00632
53684,-57.05867767,-4.200476646,2.19148159
53685,-57.05894470000001,-4.267523766,2.390501022
53686,-57.05989075,-4.336447239,2.591773033
53687,-57.06136322,-4.390709877,2.754852295
53688,-57.06723785,-4.493358135,3.0545578
53689,-57.05799866,-4.541073798999999,3.192867279
53690,-57.04277802,-4.610147476,3.394220352
53691,-57.05691528,-4.675870419,3.587543488
53692,-57.06065369,-4.750450133999999,3.805030823
53693,-57.05851746,-4.813607693,3.989929199
53694,-57.05300903,-4.879677773,4.188440323
53695,-57.02820587,-4.948657513000001,4.3858489989999985
53696,-56.85122299,-3.617570639,0.4646502733
53697,-56.85624313,-3.686230659,0.6709654331
53698,-56.86456679999999,-3.753372192,0.8630459309
53699,-56.85538864,-3.821602345,1.059949398
53700,-56.85783005,-3.888366699,1.258843422
53701,-56.84775925,-3.956275702,1.458409309
53702,-56.85654449,-4.0220718380000005,1.652279854
53703,-56.8556366,-4.093601227,1.867872238
53704,-56.85060883,-4.156122684,2.058042526
53705,-56.85522079,-4.224863052,2.264545441
53706,-56.84750748,-4.293153763,2.465855598
53707,-56.85450745,-4.358431816,2.657219887
53708,-56.84698868,-4.4095406530000005,2.8042697910000003
53709,-56.85564423,-4.50838995,3.100149155
53710,-56.85398865,-4.564306736,3.2612876889999995
53711,-56.85227203,-4.63169384,3.458278656
53712,-56.86516953,-4.699093342,3.656177521
53713,-56.85879517,-4.7714962960000005,3.865688324
53714,-56.85326004,-4.838674068,4.065214157
53715,-56.85554504,-4.904225826,4.261650085
53716,-56.85813904,-4.97444582,4.441257477
53717,-56.66172791,-3.615003109,0.4547753334
53718,-56.66027832,-3.682460546,0.6566493511
53719,-56.65128708,-3.750544786,0.8535888195
53720,-56.65717316,-3.81942296,1.05361557
53721,-56.66672134,-3.887185097,1.2542862890000002
53722,-56.65933228,-3.959685802,1.467401028
53723,-56.65056992,-4.024724483,1.660326004
53724,-56.65717316,-4.090687752,1.858237267
53725,-56.65236282,-4.15683651,2.059161186
53726,-56.65991211,-4.224852562,2.263038635
53727,-56.6521759,-4.292666435,2.463414192
53728,-56.65287399,-4.361255169,2.663064003
53729,-56.65583801,-4.407568932,2.7980813980000003
53730,-56.66904449,-4.507379055,3.095558167
53731,-56.65153503,-4.5625,3.25623703
53732,-56.65300369,-4.6300296780000005,3.45334053
53733,-56.65351868,-4.699244976,3.656896591
53734,-56.65393829,-4.769805431,3.862068176
53735,-56.64532852,-4.836254597,4.058286667
53736,-56.66191101,-4.901773453000001,4.2536067960000015
53737,-56.6521759,-4.9748501780000005,4.444190979
53738,-56.46216583,-3.608973742,0.4367902279
53739,-56.45596695,-3.676371098,0.6370561122999999
53740,-56.45092773,-3.741630077,0.8268647194
53741,-56.45168304,-3.810305357,1.025415897
53742,-56.45198059,-3.884378195,1.245075226
53743,-56.4610672,-3.946505547,1.428155422
53744,-56.45026779,-4.012867451,1.626436234
53745,-56.45816803,-4.082057476,1.832650185
53746,-56.46074677,-4.146287441,2.02820015
53747,-56.44933701,-4.216989517,2.239164352
53748,-56.45093918,-4.285036087,2.441322327
53749,-56.46625137,-4.352431297,2.637681961
53750,-56.46641541,-4.400892258,2.778452873
53751,-56.44937134,-4.504056454,3.086662292
53752,-56.45357132,-4.553589344,3.230161667
53753,-56.46041107,-4.623452187,3.434322357
53754,-56.45720673,-4.691959858,3.637044907
53755,-56.45749664,-4.760545731000001,3.838163376
53756,-56.45801544,-4.824877262,4.030145645
53757,-56.45349884,-4.89347744,4.2328453060000015
53758,-56.45176697,-4.969929218,4.4318847660000005
53759,-56.2510643,-3.619329691,0.4698890448
53760,-56.26173401,-3.684712648,0.6630079746
53761,-56.25974274,-3.751062393,0.8552806377
53762,-56.24710846,-3.820142031,1.05553627
53763,-56.24809265,-3.889668941,1.261373043
53764,-56.25674438,-3.957943201,1.464041233
53765,-56.26237488,-4.0245642660000005,1.660124779
53766,-56.25022888,-4.0932827000000005,1.867160797
53767,-56.25447083,-4.155559063,2.056195259
53768,-56.25419617,-4.224183083,2.261194229
53769,-56.25286865,-4.288047791,2.450714111
53770,-56.2453537,-4.357378006,2.653861046
53771,-56.24786377,-4.407155037,2.797592163
53772,-56.24459839,-4.506036282,3.0958004
53773,-56.26212692,-4.562412262,3.2579307560000004
53774,-56.25597382,-4.630158423999999,3.457645416
53775,-56.25673676,-4.695431232,3.652328491000001
53776,-56.24910736,-4.76527071,3.854810715
53777,-56.25164032,-4.831199646,4.0519542689999986
53778,-56.2546463,-4.904066563,4.264533997
53779,-56.26190567,-4.971287251000001,4.43911171
53780,-56.05360031,-3.615123987,0.4588588476
53781,-56.056633,-3.679113626,0.6495239735
53782,-56.04746246,-3.75238657,0.8595280647
53783,-56.05817032,-3.819683552,1.054550171
53784,-56.04953766,-3.888770342,1.259070873
53785,-56.06223297,-3.954573154,1.447256088
53786,-56.06241989,-4.027826309,1.660238266
53787,-56.06324768,-4.091997147,1.85175705
53788,-56.05882645,-4.158017635,2.04930687
53789,-56.05554962,-4.230893135,2.266695976
53790,-56.06559753,-4.291936874,2.455945015
53791,-56.06282806,-4.358292103,2.655342102
53792,-56.05354309,-4.412307739,2.810118675
53793,-56.05354691,-4.506229401000001,3.0806999210000003
53794,-56.05943298,-4.567991257,3.263591766
53795,-56.05421448,-4.627574921,3.452375412
53796,-56.04985809,-4.695672989,3.652982712
53797,-56.05391693,-4.767673016,3.861171722
53798,-56.04974365,-4.831736565,4.051847458
53799,-56.04864883,-4.9008364680000005,4.253381729
53800,-56.04959106,-4.977153778,4.448556900000002
53801,-55.87273026,-3.613436222,0.4503657818
53802,-55.87883759,-3.677091599,0.6406214237
53803,-55.89841461,-3.75452137,0.8664801121
53804,-55.87973404,-3.828424692,1.081160069
53805,-55.84936142,-3.890325069,1.264173508
53806,-55.83615875,-3.954530954,1.4535517690000002
53807,-55.83669281,-4.022747517,1.655614853
53808,-55.85499573,-4.090382099,1.858269691
53809,-55.84938431,-4.155620098,2.062509537
53810,-55.87256241,-4.21954155,2.255606651
53811,-55.84513855,-4.288679599999999,2.462841034
53812,-55.84976959,-4.356510162,2.660098076
53813,-55.85971832,-4.40959692,2.821944237
53814,-55.85431671,-4.499085426000001,3.0842857360000004
53815,-55.84658813,-4.560916901000001,3.255876541
53816,-55.86486816,-4.628410816000001,3.4556636810000003
53817,-55.86120605,-4.694543839,3.649700165
53818,-55.86052704,-4.766928196,3.858673096
53819,-55.85023499,-4.8372964860000005,4.067518234
53820,-55.85345078,-4.90050602,4.254827499
53821,-55.85290909,-4.972395897,4.441896439
53822,-55.64370728,-3.615439653,0.4582602978
53823,-55.65097046,-3.682579994,0.6570205688
53824,-55.64244461,-3.751292706,0.8551692962999999
53825,-55.66950607,-3.823334932,1.066298962
53826,-55.68764114,-3.887745142,1.25792551
53827,-55.68486786,-3.957947731,1.465543747
53828,-55.65995407,-4.022595882,1.6534242630000002
53829,-55.63887024,-4.094553947,1.871535301
53830,-55.63199234,-4.157687187,2.065380096
53831,-55.64311218,-4.219416618,2.253229141
53832,-55.64007187,-4.288928509,2.4605436330000003
53833,-55.64027023,-4.357903957,2.66516304
53834,-55.64157867,-4.399888515,2.78806591
53835,-55.65207672,-4.50935936,3.1027565
53836,-55.65196228,-4.562530518,3.259906769
53837,-55.64235306,-4.630615234,3.4611129760000003
53838,-55.65238953,-4.697624207,3.659358978
53839,-55.65200806,-4.767001629,3.860782623
53840,-55.64874268,-4.833474159,4.0575771330000014
53841,-55.6553421,-4.903368473,4.264234543
53842,-55.65563202,-4.977095127,4.450159073
53843,-55.44915009,-3.609729767,0.4417424202
53844,-55.471138,-3.677199364,0.6407279968
53845,-55.47194672,-3.742658377,0.8321957588
53846,-55.4493866,-3.804864168,1.024441242
53847,-55.43201065,-3.875052929,1.239571571
53848,-55.41967773,-3.946843863,1.450947285
53849,-55.44110107,-4.014562607,1.645487785
53850,-55.44855118,-4.083733559,1.842917442
53851,-55.44876099,-4.145944595,2.0332765580000003
53852,-55.4519043,-4.21419096,2.233262062
53853,-55.45634842,-4.281739712,2.434387207
53854,-55.45458221,-4.350286484,2.639482498
53855,-55.46549988,-4.3936705589999985,2.771424294
53856,-55.45623779,-4.505306721,3.09264946
53857,-55.45165253,-4.554993629,3.238164902
53858,-55.45625305,-4.623056889,3.436042786
53859,-55.45394516,-4.688131332,3.628601074
53860,-55.45172119,-4.75952816,3.838243484
53861,-55.45770645,-4.826673508,4.037410736
53862,-55.45853806,-4.893622398,4.235473633
53863,-55.45199966,-4.9718174930000005,4.437456131
53864,-55.25141525,-3.5988531110000004,0.4053866863
53865,-55.24779892,-3.663673162,0.6002328396
53866,-55.24526215,-3.731722832,0.7994627953
53867,-55.24768066,-3.798511744,0.9937939644
53868,-55.24942017,-3.861742735,1.183605671
53869,-55.26169968,-3.930527687,1.389353275
53870,-55.26655579,-4.006608486,1.6122255330000002
53871,-55.26338196,-4.068824768,1.796764374
53872,-55.25000381,-4.133071899,1.9909935
53873,-55.25708771,-4.200563908,2.195429802
53874,-55.25883484,-4.268606186,2.397770882
53875,-55.24908066,-4.335211277,2.59617424
53876,-55.24432755,-4.390314102,2.759210587
53877,-55.25152588,-4.498943806000001,3.074552536
53878,-55.25721741,-4.540809155,3.196098328
53879,-55.25579834,-4.607458591,3.392068863
53880,-55.25754166,-4.674864769,3.5898590089999995
53881,-55.24534607,-4.748314381,3.805454254
53882,-55.25646210000001,-4.815167427,4.001882553
53883,-55.25344086,-4.880663872,4.195127487
53884,-55.25434494,-4.953594685,4.404087067
53885,-64.25453186,-3.607983828,0.4341754913000001
53886,-64.24693298,-3.676002026,0.6348776817
53887,-64.24098969,-3.743026972,0.8298420906
53888,-64.23784637,-3.810757875,1.025754452
53889,-64.25008392,-3.882168531,1.235730171
53890,-64.26441956,-3.949654102,1.4316816330000002
53891,-64.26316833,-4.01993227,1.638388634
53892,-64.25408936,-4.086513519,1.834348679
53893,-64.24146271,-4.153426647,2.034158707
53894,-64.25201416,-4.22300005,2.240589142
53895,-64.26683044,-4.292932987,2.444503784
53896,-64.25817871,-4.358914375,2.637672424
53897,-64.24217224,-4.397952557,2.754217148
53898,-64.26052094,-4.509712696,3.081783295
53899,-64.24685669,-4.559900761000001,3.230489731
53900,-64.24971771,-4.6308770180000005,3.438165665
53901,-64.25598145,-4.702625751,3.649274826
53902,-64.26000977,-4.766141891,3.83357048
53903,-64.25585938,-4.832378864,4.025772095
53904,-64.24845886,-4.902183056,4.224369049
53905,-64.25294495,-4.972075462,4.411037445
53906,-55.03908157,-3.5998833180000003,0.4083814621
53907,-55.04557037,-3.662518024,0.5988397597999999
53908,-55.05113983,-3.73137331,0.8000128269
53909,-55.06458282,-3.794127226,0.98102808
53910,-55.06102753,-3.866164684,1.195234776
53911,-55.05453873,-3.93123889,1.388910294
53912,-55.05035019,-4.002735615,1.599898338
53913,-55.05056381,-4.0699143410000005,1.800611496
53914,-55.0561142,-4.138258457,2.00968647
53915,-55.05577469,-4.20056057,2.197319031
53916,-55.0515976,-4.267939568,2.39770031
53917,-55.05569839,-4.337247372,2.60201931
53918,-55.06016159,-4.3900003430000005,2.755807877
53919,-55.05282974,-4.492870331000001,3.051584244
53920,-55.05311584,-4.540950298,3.195726395
53921,-55.06158447,-4.606930256,3.389823914
53922,-55.06323624,-4.67509222,3.59029007
53923,-55.05327988,-4.746676445,3.79968071
53924,-55.05489731,-4.811793804,3.991868973
53925,-55.05189514,-4.8820042610000005,4.198993683
53926,-55.05673599,-4.951727867,4.398122787
53927,-54.86618805,-3.609481812,0.4395587444
53928,-54.85453796,-3.6745646,0.6346008778
53929,-54.85979462,-3.743874788,0.8363118172
53930,-54.85410309,-3.812552929,1.034918308
53931,-54.853302,-3.881284237,1.239523888
53932,-54.84683609,-3.945812225,1.4306988719999998
53933,-54.84950256,-4.011508942,1.624857903
53934,-54.86775970000001,-4.078310013,1.824821472
53935,-54.85951233,-4.149231434,2.042139053
53936,-54.84403229,-4.21447897,2.2381315230000003
53937,-54.83998871,-4.283139229,2.441980362
53938,-54.84955215,-4.34953022,2.635437012
53939,-54.8466835,-4.397253513,2.7755174639999995
53940,-54.85531235,-4.501229763,3.077571869
53941,-54.86004257,-4.5555343630000005,3.23941803
53942,-54.85784912,-4.623097897,3.4369525910000003
53943,-54.85509109,-4.691456795,3.638933182
53944,-54.86309052,-4.76353693,3.848491669
53945,-54.85440445,-4.8270459180000005,4.0349903110000005
53946,-54.84674835,-4.896698475,4.237522125
53947,-54.84423065,-4.972309589,4.43321991
53948,-54.64909744,-3.610660076,0.4358143806000001
53949,-54.65119934,-3.680408478,0.6479678154
53950,-54.64756393,-3.742973566,0.8326833248000001
53951,-54.65609741,-3.813592196,1.039804935
53952,-54.65504074,-3.880623817,1.23967886
53953,-54.66422272,-3.945995092,1.432474136
53954,-54.65252304,-4.014384747,1.635230064
53955,-54.65161896,-4.080999374,1.834459305
53956,-54.64646149,-4.147037983,2.036466599
53957,-54.6568985,-4.216046333,2.243093491
53958,-54.65068436,-4.285926819,2.449315071
53959,-54.65387726,-4.349473476,2.634594917
53960,-54.67063141,-4.397807598,2.77295208
53961,-54.65943146,-4.499081612,3.071146011
53962,-54.6634407,-4.557802677,3.24618721
53963,-54.65420914,-4.624478817,3.441791534
53964,-54.64931107,-4.688802242,3.630292892
53965,-54.64870071,-4.765109062,3.853517532
53966,-54.65494156,-4.825929642,4.031663895
53967,-54.65108109,-4.895050049,4.232688904
53968,-54.65937042,-4.97329998,4.436880112
53969,-54.45213318,-3.600440025,0.4054945707
53970,-54.45042419,-3.664168835,0.6002519131
53971,-54.44743729,-3.732241869,0.8009054661
53972,-54.45954514,-3.799850941,0.9982390404
53973,-54.43872070000001,-3.866403818,1.196389675
53974,-54.44869995,-3.935409307,1.401545048
53975,-54.45895004,-4.00389576,1.604447365
53976,-54.45714188,-4.072353363,1.809565544
53977,-54.446064,-4.135534286,2.000616074
53978,-54.45123291,-4.200461388,2.195695877
53979,-54.44921494,-4.268623352,2.398288727
53980,-54.45379257,-4.3421397210000015,2.61027813
53981,-54.45514679,-4.3919034,2.754116058
53982,-54.4484024,-4.495140076,3.05777359
53983,-54.45343018,-4.542680264,3.200107574
53984,-54.45745468,-4.611505032,3.402000427
53985,-54.4531517,-4.680083752,3.603881836
53986,-54.45642090000001,-4.750158787,3.808921814
53987,-54.45467377,-4.813528061,3.996118546
53988,-54.45859909,-4.884928703,4.202144623
53989,-54.46050262,-4.952167034,4.3954677580000014
53990,-54.24586868,-3.60060811,0.4034155607
53991,-54.25077438,-3.663434029,0.5959322453
53992,-54.25639725,-3.73685813,0.8146574497
53993,-54.26190186,-3.801365614,1.003225803
53994,-54.25774384,-3.869533539,1.204846382
53995,-54.25958252,-3.931957722,1.392254829
53996,-54.25911713,-4.005246639,1.609285355
53997,-54.26750183,-4.0711550710000015,1.806071281
53998,-54.24901581,-4.137176037,2.005123138
53999,-54.2530098,-4.203723431,2.204493523
531000,-54.2579689,-4.269289017,2.399729729
531001,-54.25124359,-4.339596272,2.602558136
531002,-54.24859619,-4.396990299,2.766655922
531003,-54.2491684,-4.495100975,3.056711197
531004,-54.25910568,-4.541429043,3.194246292
531005,-54.25292587,-4.614787579,3.40867424
531006,-54.25177002,-4.680893898,3.603822708
531007,-54.25767517,-4.749969959,3.806951523
531008,-54.25875473,-4.81350565,3.995624542
531009,-54.24634552,-4.88379097,4.198051453
531010,-54.2559967,-4.95734787,4.406986237
531011,-54.05786514,-3.621768475,0.4698925018
531012,-54.05005264,-3.686175108,0.6651139259000001
531013,-54.05814743,-3.751012564,0.8551259041
531014,-54.05401993,-3.821481466,1.062754154
531015,-54.06036758,-3.88904953,1.2651801109999998
531016,-54.06686401,-3.960936308,1.46359396
531017,-54.06319809,-4.026979446,1.65917778
531018,-54.06781387,-4.0924115180000005,1.861070633
531019,-54.07327271,-4.161558151,2.06278801
531020,-54.05940247,-4.231311798,2.25671196
531021,-54.06874084,-4.294931889,2.460762024
531022,-54.07063675,-4.36619997,2.666591644
531023,-54.04830551,-4.412274837,2.798984528
531024,-54.07566071,-4.515735149,3.099723816
531025,-54.06578064,-4.568213463,3.2557544710000004
531026,-54.05827713,-4.63406992,3.466861725
531027,-54.05516815,-4.697906494,3.654970169
531028,-54.05014038,-4.768629551,3.861036301
531029,-54.05564117,-4.837141991,4.062927246
531030,-54.05358887,-4.906625748,4.260282516
531031,-54.05745697,-4.980309963,4.450769424
531032,-53.86426163,-3.614554167,0.4512114525
531033,-53.86113739,-3.67685771,0.6379287243
531034,-53.87467957,-3.74326396,0.8295199871
531035,-53.86152649,-3.816310883,1.044916153
531036,-53.85762024,-3.88163209,1.241934776
531037,-53.84503555,-3.949435711000001,1.444177628
531038,-53.83472824,-4.014077187,1.636060715
531039,-53.83842087,-4.080720901,1.83537674
531040,-53.85925293,-4.147150993,2.035508156
531041,-53.85661697,-4.217161655,2.245294571
531042,-53.84720612,-4.286008835,2.449669838
531043,-53.84195328,-4.354628563,2.6476974490000003
531044,-53.84227753,-4.407680511000001,2.798893929
531045,-53.85205841,-4.508165359,3.098926544
531046,-53.84916306,-4.555601597,3.2368526460000004
531047,-53.85354233,-4.625136375,3.4383087160000003
531048,-53.86472321,-4.693843365,3.64058876
531049,-53.85643768,-4.763188362,3.844552994
531050,-53.87071228,-4.826942444,4.031833649
531051,-53.86522675,-4.898991108,4.2383079530000005
531052,-53.86325455,-4.976102352,4.441057205
531053,-53.63011169,-3.617078543,0.4678024054
531054,-53.66223145,-3.69120717,0.6824157237999999
531055,-53.6446228,-3.758830547,0.8746078014
531056,-53.64746857,-3.824703693,1.071512222
531057,-53.65617752,-3.889217377,1.265581131
531058,-53.65949249,-3.958038807,1.469985008
531059,-53.66553879,-4.021921635,1.657125473
531060,-53.65065384,-4.0925769810000014,1.866848946
531061,-53.64026260000001,-4.1602101330000005,2.071297646
531062,-53.64630127,-4.227876663,2.274878502
531063,-53.65791702,-4.292024136,2.465198517
531064,-53.65865326,-4.362515926,2.673438072
531065,-53.65673065,-4.408165455,2.806013107
531066,-53.64936447,-4.510943413,3.107749939
531067,-53.65710449,-4.567315102,3.271373749
531068,-53.65925217,-4.636162758,3.471467972
531069,-53.65002441,-4.701998234,3.664743423
531070,-53.65039444,-4.775330544,3.861934662
531071,-53.65983582,-4.842625141,4.075120926
531072,-53.64968109,-4.911095619,4.273078918
531073,-53.65237427,-4.981909752,4.455320358
531074,-53.45208359,-3.61503315,0.4534413815
531075,-53.45770264,-3.687518835,0.6685183048
531076,-53.46308899,-3.758541346,0.8738486767
531077,-53.45892715,-3.823937416,1.066691875
531078,-53.47298431,-3.886281967,1.252390385
531079,-53.45413208,-3.956293106,1.460249424
531080,-53.44325256,-4.029123306000002,1.677023888
531081,-53.44208908,-4.095903873,1.876734734
531082,-53.46246338,-4.154740334,2.05395031
531083,-53.46524429,-4.226682663,2.269079208
531084,-53.45023346,-4.29042387,2.457701683
531085,-53.4541893,-4.359113693,2.6620712280000003
531086,-53.45885849,-4.408398151,2.806814194
531087,-53.45505524,-4.513399123999999,3.114208221
531088,-53.45175552,-4.563988686,3.260381699
531089,-53.45600128,-4.634902954,3.465726852
531090,-53.45688629,-4.699754238,3.657052994
531091,-53.44834137,-4.776686668,3.844717026
531092,-53.44665909,-4.861216545,4.075643539
531093,-53.45108032,-4.923670292,4.26219368
531094,-53.45568848,-4.987738132,4.442520142
531095,-53.24607849,-3.619379759,0.467007637
531096,-53.24536514,-3.686262846,0.6639492511999999
531097,-53.28364563,-3.752055883,0.8566007614
531098,-53.28920746,-3.816870928,1.058092594
531099,-53.2758522,-3.891880035,1.272934914
531100,-53.23709106,-3.958387613,1.474140644
531101,-53.25342560000001,-4.02312088,1.666002274
531102,-53.25662231,-4.090118408,1.865684509
531103,-53.25834656,-4.15788126,2.067417145
531104,-53.25170135,-4.222546101,2.260830879
531105,-53.25510025,-4.293192387,2.470135689
531106,-53.25483704,-4.362340927,2.672363281
531107,-53.26019669,-4.407622814,2.8013811110000004
531108,-53.25320053,-4.512645245,3.113092422
531109,-53.25720978,-4.565038681,3.2651939389999995
531110,-53.25630188,-4.632698536,3.463048935
531111,-53.24991989,-4.698002338,3.656448364
531112,-53.25851822,-4.771947384,3.860929489
531113,-53.26122284,-4.839839935,4.077190399
531114,-53.25629425,-4.904648781000001,4.263134003
531115,-53.24469757,-4.98686552,4.46185112
531116,-64.05506897,-3.606502056,0.4340229034000001
531117,-64.05741882,-3.673499107,0.6326367855
531118,-64.04821777,-3.740758896,0.8263869286
531119,-64.0479126,-3.814279318,1.036926746
531120,-64.05519867,-3.877558231,1.224271297
531121,-64.04618835,-3.94336009,1.413972855
531122,-64.04223633,-4.018591404,1.630279541
531123,-64.04606628,-4.090701103,1.841833115
531124,-64.04992676,-4.155258179,2.036003113
531125,-64.04802704,-4.217146873,2.221806526
531126,-64.04319,-4.293466568,2.43896389
531127,-64.04784393,-4.358866692,2.632866859
531128,-64.04046631,-4.396460533,2.7486896510000003
531129,-64.05413818,-4.512116432,3.076213837
531130,-64.05800629,-4.559372425,3.22592926
531131,-64.05810547,-4.629146099,3.435897827
531132,-64.05154419,-4.695318699,3.63028717
531133,-64.05793762,-4.764432907,3.830928802
531134,-64.05053711,-4.834540844,4.0347862239999985
531135,-64.05962372,-4.902800083,4.228961945
531136,-64.05126953,-4.973507403999999,4.4168262480000005
531137,-53.06652832,-3.619104624,0.4659403563
531138,-53.05276871,-3.688006163,0.6681900024
531139,-53.0350647,-3.753290892,0.8607573509
531140,-53.02543259,-3.823252201,1.067962646
531141,-53.05054092,-3.886173248,1.257731915
531142,-53.05700684,-3.961709976,1.486092091
531143,-53.05447388,-4.024183273,1.672656059
531144,-53.05605698,-4.088882446,1.865567207
531145,-53.05168152,-4.15629673,2.066533089
531146,-53.05378723,-4.2243433,2.269656181
531147,-53.05772018,-4.294057846,2.473814964
531148,-53.05575562,-4.3587594030000005,2.660625458
531149,-53.04858398,-4.411056519,2.808638573
531150,-53.06255722,-4.509932518,3.106069565
531151,-53.05401611,-4.5655708310000005,3.267408371
531152,-53.05304337,-4.63465929,3.470205307
531153,-53.0565834,-4.695397377,3.648729324
531154,-53.05706787,-4.769581318,3.866306305
531155,-53.04701233,-4.833634853,4.05519104
531156,-53.05609512,-4.9072260860000005,4.268302917
531157,-53.05136108,-4.980470657,4.458051682
531158,-52.85136414,-3.610394478,0.4363322258
531159,-52.84540176,-3.678552628,0.6408500671
531160,-52.85245514,-3.747633696,0.8420221806
531161,-52.85166931,-3.81657362,1.0429883
531162,-52.83798218,-3.878194332,1.229575634
531163,-52.85251236,-3.949758768,1.4494314190000002
531164,-52.86362076,-4.009097099,1.629317284
531165,-52.85773087,-4.081315994,1.845252991
531166,-52.84925079,-4.148441792,2.044823647
531167,-52.85907745,-4.212361336,2.234441757
531168,-52.86312866,-4.281087399,2.435613632
531169,-52.8532486,-4.3539748189999985,2.643443108
531170,-52.85127258,-4.407022953,2.793963432
531171,-52.86498642,-4.507484436,3.0978641510000005
531172,-52.85921478,-4.555222511,3.236221313
531173,-52.86243439,-4.627028465,3.4465370180000003
531174,-52.84906769,-4.689249039,3.630163193
531175,-52.85865784,-4.760833263,3.84091568
531176,-52.85725403,-4.82684803,4.034938812
531177,-52.84580994,-4.895512581,4.234210968
531178,-52.86320114,-4.971954823,4.432508469
531179,-52.64768219,-3.613997698,0.4461745024
531180,-52.65544128,-3.68143487,0.64854002
531181,-52.65429306,-3.745583773,0.8373274803
531182,-52.65314102,-3.816623926,1.044569016
531183,-52.65617371,-3.881744385,1.239377022
531184,-52.65250397,-3.949052334,1.444163322
531185,-52.65529251,-4.015142441,1.644210815
531186,-52.66545105,-4.078711987,1.833882332
531187,-52.66634369,-4.150207996000002,2.047354698
531188,-52.66464233,-4.213630676,2.235402107
531189,-52.65837097,-4.282038212,2.436520576
531190,-52.66453552,-4.3559012410000015,2.646512032
531191,-52.67604828,-4.407155037,2.7944068910000004
531192,-52.65962219,-4.510373116,3.105558395
531193,-52.65323639,-4.559423447,3.2493915560000004
531194,-52.65077972,-4.624751091,3.43977356
531195,-52.65587616,-4.688385487,3.626350403
531196,-52.65649414,-4.761876106,3.842914581
531197,-52.65834427,-4.825026512,4.029563904
531198,-52.65057373,-4.897016048,4.2363185880000005
531199,-52.64978789999999,-4.968148708,4.425834656
531200,-52.44449234,-3.620776176,0.469299078
531201,-52.4619751,-3.688132524,0.6683320999
531202,-52.46593475,-3.757702351,0.8722233772
531203,-52.46736145,-3.825336695,1.069660664
531204,-52.461689,-3.891189098,1.266216278
531205,-52.45431519,-3.965838671,1.492466927
531206,-52.45080566,-4.026083946,1.674099922
531207,-52.43945313,-4.08759594,1.859880447
531208,-52.45838547,-4.15816927,2.069185257
531209,-52.45334244,-4.224171162,2.263559341
531210,-52.4490509,-4.295865536,2.471754074
531211,-52.45204926,-4.364249229,2.666090965
531212,-52.4548378,-4.411102295,2.801214218
531213,-52.4483223,-4.514235973,3.1146869660000003
531214,-52.44144058,-4.566218376,3.26679039
531215,-52.45852661,-4.633308887,3.4636020660000004
531216,-52.4619751,-4.698506832,3.656089783
531217,-52.45180129999999,-4.77282238,3.875494003
531218,-52.45503235,-4.835885525,4.060602188
531219,-52.45589066,-4.909328461,4.2719345089999985
531220,-52.45096207,-4.975551128,4.450204849
531221,-52.25938797,-3.619860411,0.4653701782
531222,-52.25795746,-3.685371876,0.6615419388
531223,-52.25426483,-3.753768206,0.8611085415
531224,-52.24637222,-3.821211338,1.058171272
531225,-52.24549484,-3.889826775,1.262053967
531226,-52.24701309,-3.955585241,1.4612145419999998
531227,-52.26546097,-4.021342754,1.657743454
531228,-52.26245117,-4.087181568,1.856413841
531229,-52.23925018,-4.150502205,2.043571472
531230,-52.25793839,-4.222006798,2.25326252
531231,-52.26995468,-4.293823242,2.462119102
531232,-52.26591492,-4.359997272,2.651628494
531233,-52.24682617,-4.409965038,2.797869682
531234,-52.25257492,-4.512155056,3.103881836
531235,-52.25444412,-4.560804367,3.24646759
531236,-52.25822067,-4.631561279,3.455501556
531237,-52.2522049,-4.6958999630000005,3.645875931
531238,-52.25033569,-4.767981052,3.858594894
531239,-52.26065445,-4.835716724,4.059360504
531240,-52.25589752,-4.904528141,4.2582435610000005
531241,-52.258564,-4.974678516,4.441505432
531242,-52.05665207,-3.615705013,0.4603950977
531243,-52.05450058,-3.684083462,0.6664655209
531244,-52.05495834,-3.750445604,0.8595805168
531245,-52.05920792,-3.821678638,1.06445837
531246,-52.05656052,-3.890183687,1.266308784
531247,-52.0477066,-3.95932889,1.473549843
531248,-52.05080032,-4.025789738,1.668759346
531249,-52.05264664,-4.088112831,1.856784821
531250,-52.04949188,-4.160339355,2.070631027
531251,-52.05371857,-4.227953911,2.267067909
531252,-52.05725098,-4.29272747,2.456674576
531253,-52.05787659,-4.366046429,2.667682648
531254,-52.05144501,-4.411865711,2.796175003
531255,-52.06634903,-4.515779972,3.109714508
531256,-52.06506348,-4.571401119,3.272209167
531257,-52.05816269,-4.634810925,3.4626522060000005
531258,-52.06331635,-4.702589989,3.66317749
531259,-52.05054855,-4.771482944,3.866241455
531260,-52.05149078,-4.839355946,4.067687988
531261,-52.04920578,-4.90614748,4.261318207
531262,-52.04788589,-4.97844553,4.453098297
531263,-63.85724258,-3.595207691,0.4030458927
531264,-63.84672165,-3.665344954,0.6107432842
531265,-63.85491562,-3.735393524,0.81077075
531266,-63.86029434,-3.803338289,1.006670952
531267,-63.86006927,-3.869131565,1.200423241
531268,-63.85569,-3.940915346,1.408976078
531269,-63.84327698,-4.008782864,1.605652809
531270,-63.85239029,-4.077817917,1.808235168
531271,-63.84581757,-4.145329475,2.011752129
531272,-63.85136032,-4.209555626,2.206160545
531273,-63.86010742,-4.276880264,2.4054098130000003
531274,-63.84646606,-4.346074581,2.607150078
531275,-63.84766388,-4.3886895180000005,2.736907959
531276,-63.84718704,-4.504094124,3.072486877
531277,-63.84764099,-4.553070545,3.216995239
531278,-63.85988235,-4.617857456,3.405763626
531279,-63.86267471,-4.684210299999998,3.601507187
531280,-63.85095596,-4.755997658,3.80787468
531281,-63.85444641,-4.826635361,4.01307869
531282,-63.85523987,-4.892084599,4.200689316
531283,-63.8562355,-4.96531105,4.398550033999999
531284,-63.66464996,-3.5942516330000003,0.4017894268
531285,-63.65363693,-3.663065672,0.6056549549
531286,-63.63952637,-3.736274719,0.8151402473
531287,-63.64086914,-3.805739164,1.013395309
531288,-63.64427185,-3.871968985,1.209366322
531289,-63.65222549,-3.94050622,1.410066605
531290,-63.66303635,-4.00848341,1.606218338
531291,-63.66791153,-4.075869083,1.803946495
531292,-63.65541458,-4.143995285,2.00941658
531293,-63.64234924,-4.21078968,2.20950222
531294,-63.64852142,-4.279870033,2.41327858
531295,-63.65178299,-4.34981966,2.616968155
531296,-63.65861511,-4.39155817,2.740031242
531297,-63.64809036,-4.496302605,3.047702789
531298,-63.6577301,-4.553571701,3.216485977
531299,-63.65375137,-4.621352196,3.415397644
531300,-63.65311432,-4.688236237,3.612764359
531301,-63.64725876,-4.756604195,3.810358047
531302,-63.65314865,-4.826905727,4.01618576
531303,-63.65311432,-4.894802094,4.210187912
531304,-63.65795898,-4.963931084,4.3961315160000005
531305,-63.45596695,-3.598038912,0.4126365185
531306,-63.45680618,-3.664617062,0.6098361015
531307,-63.45592499,-3.732740164,0.8058259487
531308,-63.46700287,-3.804147243,1.009570122
531309,-63.4593811,-3.870634079,1.205488205
531310,-63.46128464,-3.941058636,1.4123654369999998
531311,-63.45953369,-4.011918545,1.6171636580000002
531312,-63.44253539999999,-4.074564457,1.801999092
531313,-63.45345688,-4.14430666,2.010066032
531314,-63.44844055,-4.215816498,2.220643997
531315,-63.44496155,-4.2764830589999985,2.399339676
531316,-63.45322037,-4.35053587,2.614757538
531317,-63.44852066,-4.391746998,2.73488903
531318,-63.45126724,-4.496212959,3.0430870060000004
531319,-63.45333862,-4.553908348,3.213409424
531320,-63.44673538,-4.618457317,3.40404129
531321,-63.45160675,-4.688838959,3.612369537
531322,-63.46123886,-4.755139351,3.806434631
531323,-63.45036316,-4.822658062,4.003505707
531324,-63.4550972,-4.893540382,4.2067985530000005
531325,-63.45782852,-4.962512493,4.397714615
531326,-63.2606926,-3.606424332,0.4377777576
531327,-63.25622559,-3.676841736,0.6472465992
531328,-63.25561142,-3.744155407,0.8406188487999999
531329,-63.25674438,-3.811580658,1.034671783
531330,-63.25008392,-3.879160881,1.233266354
531331,-63.25106812,-3.949550152,1.437523365
531332,-63.2484169,-4.018632889,1.638293266
531333,-63.26037598,-4.087691307,1.842741966
531334,-63.25414276,-4.14936924,2.028482437
531335,-63.25458908,-4.220691204,2.239450455
531336,-63.26068878,-4.285662651,2.430069923
531337,-63.24881363,-4.35454464,2.629954338
531338,-63.24740982,-4.395396709,2.74957943
531339,-63.25688553,-4.497327328,3.050813675
531340,-63.25728989,-4.558905602,3.233213425
531341,-63.25647736,-4.627869129,3.435880661
531342,-63.24859238,-4.696590424,3.637830734
531343,-63.25514984,-4.763618469,3.829748154
531344,-63.26048660000001,-4.835234165,4.038618088
531345,-63.26347733,-4.903628826,4.23516655
531346,-63.25813293,-4.97210598,4.418796539
531347,-64.86090088,-3.500113249,0.1141664162
531348,-64.66090393,-3.500215054,0.1146900356
531349,-64.46089935,-3.500316858,0.1152136624
531350,-64.26090239999999,-3.500418663,0.1157372817
531351,-64.06090546,-3.500520468,0.1162609011
531352,-63.86090469,-3.500622034,0.1167845279
531353,-63.66090393,-3.500723839,0.1173081473
531354,-63.46090698,-3.500825644,0.1178317666
531355,-63.26090622,-3.500927448,0.1183553934
531356,-63.06090927,-3.501029253,0.1188790128
531357,-62.86090851,-3.501130819,0.1194026396
531358,-62.66090775,-3.501232624,0.1199262589
531359,-62.4609108,-3.501334429,0.1204498783
531360,-62.26091003,-3.501436234,0.1209735051
531361,-62.06090927,-3.501538038,0.1214971244
531362,-61.86091232,-3.501639605,0.1220207438
531363,-61.66091156,-3.501741409,0.1225443706
531364,-61.46091461,-3.501843214,0.1230679899
531365,-61.26091385,-3.501945019,0.1235916167
531366,-61.06091309,-3.502046824,0.1241152361
531367,-60.86091614,-3.50214839,0.1246388555
531368,-60.66091537,-3.502250195,0.12516248230000002
531369,-60.46091843,-3.502351999,0.1256861091
531370,-60.26091766,-3.502453804,0.126209721
531371,-60.0609169,-3.502555609,0.1267333478
531372,-59.86091995,-3.502657175,0.12725697460000002
531373,-59.66091919,-3.50275898,0.12778058650000002
531374,-59.46091843,-3.502860785,0.1283042133
531375,-59.26092148,-3.502962589,0.1288278401
531376,-59.06092072,-3.503064394,0.129351452
531377,-58.86092377,-3.50316596,0.12987507880000002
531378,-58.660923,-3.503267765,0.1303987056
531379,-58.46092224,-3.50336957,0.1309223175
531380,-58.26092529,-3.503471375,0.1314459443
531381,-58.06092453,-3.503573179,0.1319695711
531382,-57.86092758,-3.503674746,0.132493183
531383,-57.66092682,-3.50377655,0.1330168098
531384,-57.46092606,-3.503878355,0.1335404366
531385,-57.26092911,-3.50398016,0.1340640485
531386,-57.06092834,-3.504081964,0.1345876753
531387,-56.86092758,-3.504183531,0.1351113021
531388,-56.66093063,-3.504285336,0.1356349289
531389,-56.46092987,-3.50438714,0.1361585408
531390,-56.26093292,-3.504488945,0.1366821676
531391,-56.06093216,-3.50459075,0.1372057945
531392,-55.8609314,-3.5046923160000003,0.1377294064
531393,-55.66093445,-3.504794121,0.1382530332
531394,-55.46093369,-3.504895926,0.13877666
531395,-55.26093674,-3.50499773,0.1393002719
531396,-55.06093597,-3.505099535,0.1398238987
531397,-54.86093521,-3.5052011010000004,0.1403475255
531398,-54.66093826,-3.5053029060000003,0.1408711374
531399,-54.4609375,-3.505404711,0.1413947642
531400,-54.26094055,-3.505506516,0.141918391
531401,-54.06093979,-3.50560832,0.1424420029
531402,-53.86093903,-3.505709887,0.1429656297
531403,-53.66094208,-3.5058116910000003,0.1434892565
531404,-53.46094131,-3.505913496,0.1440128684
531405,-53.26094055,-3.506015301,0.1445364952
531406,-53.0609436,-3.506117105,0.145060122
531407,-52.86094284,-3.506218672,0.1455837488
531408,-52.66094589,-3.506320477,0.1461073607
531409,-52.46094513,-3.5064222810000003,0.1466309875
531410,-52.26094437,-3.506524086,0.1471546143
531411,-52.06094742,-3.506625891,0.14767822619999998
531412,-51.86094666,-3.506727457,0.148201853
531413,-64.81393433,-4.978764057,4.467955112
531414,-64.61393738,-4.978865623,4.46847868
531415,-64.4139328,-4.978967667,4.469002247
531416,-64.21393585,-4.979069233,4.469525814
531417,-64.0139389,-4.979170798999999,4.470049381
531418,-63.81393814,-4.979272842,4.470572948
531419,-63.61393738,-4.979374409,4.471096516
531420,-63.41394043,-4.979476452,4.47162056
531421,-63.21393967,-4.979578018,4.472144127
531422,-63.0139389,-4.979679585,4.472667694
531423,-62.81394196,-4.9797816280000005,4.473191261
531424,-62.61394119,-4.979883194,4.473714828
531425,-62.41394424,-4.979985237,4.4742383960000005
531426,-62.21394348,-4.980086803,4.474761963
531427,-62.01394272,-4.98018837,4.47528553
531428,-61.81394577,-4.9802904130000005,4.475809097
531429,-61.61394501,-4.980391979,4.4763331410000005
531430,-61.41394424,-4.980494022,4.476856709
531431,-61.2139473,-4.980595589,4.477380276
531432,-61.01394653,-4.980697155,4.477903843
531433,-60.81394958,-4.980799198,4.47842741
531434,-60.61394882,-4.980900763999999,4.478950977
531435,-60.41394806,-4.981002808,4.479474545
531436,-60.21395111,-4.981104374,4.479998112
531437,-60.01395035,-4.98120594,4.480522156
531438,-59.8139534,-4.981307983,4.481045723
531439,-59.61395264,-4.98140955,4.48156929
531440,-59.41395187,-4.9815115930000005,4.482092857
531441,-59.21395493,-4.981613159,4.482616425
531442,-59.01395416,-4.981714725,4.483139992
531443,-58.81395721,-4.981816769,4.483663559
531444,-58.61395645,-4.981918335,4.484187126
531445,-58.41395569,-4.9820203780000005,4.484710693
531446,-58.21395874,-4.982121944,4.485234737
531447,-58.01395798,-4.982223511,4.485758305
531448,-57.81395721,-4.982325554,4.486281872
531449,-57.61396027,-4.98242712,4.486805438999999
531450,-57.4139595,-4.982529163,4.487329006
531451,-57.21396255,-4.98263073,4.4878525730000005
531452,-57.01396179,-4.982732296,4.488376141
531453,-56.81396103,-4.982834339,4.488899708
531454,-56.61396408,-4.982935905,4.489423275
531455,-56.41396332,-4.983037949,4.489947319
531456,-56.21396637,-4.983139515,4.490470886000001
531457,-56.01396561,-4.983241081,4.490994453
531458,-55.81396484,-4.983343124,4.491518021
531459,-55.6139679,-4.983444691,4.492041588
531460,-55.41396713,-4.983546734,4.492565155
531461,-55.21396637,-4.9836483,4.493088722
531462,-55.01396942,-4.983749866,4.493612289
531463,-54.81396866,-4.98385191,4.494136333
531464,-54.61397171,-4.983953476,4.494659901
531465,-54.41397095,-4.984055519,4.4951834680000005
531466,-54.21397018,-4.984157085,4.495707035
531467,-54.01397324,-4.984258652,4.496230602
531468,-53.81397247,-4.984360695,4.496754169
531469,-53.61397552,-4.984462261,4.497277737
531470,-53.41397476,-4.984564304,4.497801303999999
531471,-53.213974,-4.984665871,4.498324871
531472,-53.01397705,-4.984767437,4.498848915
531473,-52.81397629,-4.98486948,4.499372482
531474,-52.61397552,-4.984971046,4.499896049
531475,-52.41397858,-4.98507309,4.500419617
531476,-52.21397781,-4.985174656,4.500943184
531477,-52.01398087,-4.985276222,4.501466751000001
531478,-51.8139801,-4.985378265,4.501990318
531479,-64.815979,-4.914450645,4.278588772
531480,-64.81801605,-4.850137234,4.0892224310000005
531481,-64.82006073,-4.785823822,3.899855852
531482,-64.82210541,-4.72151041,3.710489511
531483,-64.82415009,-4.657197475,3.521123171
531484,-64.82618713,-4.592884064,3.33175683
531485,-64.82823181,-4.528570652,3.14239049
531486,-64.83027649,-4.46425724,2.9530241489999995
531487,-64.83232117,-4.399943829,2.763657808
531488,-64.83436584,-4.335630417,2.574291229
531489,-64.83640289,-4.271317005,2.384924889
531490,-64.83844757,-4.20700407,2.195558548
531491,-64.84049225,-4.1426906589999986,2.006192207
531492,-64.84253693,-4.078377247,1.816825867
531493,-64.84457397,-4.014063835,1.627459526
531494,-64.84661865,-3.949750423,1.438093185
531495,-64.84866333,-3.88543725,1.248726726
531496,-64.85070801,-3.821123838,1.059360385
531497,-64.85274506,-3.756810427,0.8699940443
531498,-64.85478973,-3.692497015,0.6806277037
531499,-64.85683441,-3.628183842,0.4912613034
531500,-51.81602478,-4.921064854,4.312623978
531501,-51.81806564,-4.856751442,4.123257637
531502,-51.82011032,-4.79243803,3.933891296
531503,-51.82215118,-4.728124619,3.744524956
531504,-51.82419586,-4.663811684,3.555158615
531505,-51.82623672,-4.599498272,3.365792274
531506,-51.8282814,-4.53518486,3.176425934
531507,-51.83032227,-4.470871449,2.987059593
531508,-51.83236694,-4.406558037,2.7976932530000003
531509,-51.83440781,-4.342244625,2.608326674
531510,-51.83645248,-4.2779312130000005,2.418960333
531511,-51.83849335,-4.2136182789999985,2.229593992
531512,-51.84053802,-4.149304867,2.040227652
531513,-51.84257889,-4.084991455,1.850861311
531514,-51.84462357,-4.020678043,1.66149497
531515,-51.84666443,-3.956364632,1.47212863
531516,-51.84870911,-3.892051458,1.28276217
531517,-51.85074997,-3.827738047,1.093395829
531518,-51.85279465,-3.763424635,0.9040294886
531519,-51.85483551,-3.699111223,0.7146630883
531520,-51.85688019,-3.63479805,0.5252967477
